{
  "allcommand": [
    "Menu",
    "Listerror",
    "Clearallerror",
    "Family100",
    "Add",
    "Addimage",
    "On",
    "Tt",
    "S",
    "Tourl",
    "Smeme",
    "Confes",
    "Me",
    "Liststik",
    "Korean",
    "Malaysia",
    "Ttp",
    "Attp",
    "Buyprem",
    "Listprem",
    "Xhentai",
    "Hentai",
    "Cum",
    "Indo",
    "Play",
    "Claim",
    "Ero",
    "Cry",
    "Hug",
    "Pat",
    "Nekopoi",
    "Qc",
    "Ping",
    "Speed",
    "Runtime",
    "Owner",
    "Cr",
    "Sc",
    "Videogalau",
    "Ceksider",
    "Cekasalmember",
    "Hentaivid",
    "Del",
    "Wibuvid",
    "Tiktokghea",
    "Tiktokbocil",
    "Tovideo",
    "Ehz",
    "Memeindo",
    "Ytmp3",
    "Totalfitur",
    "Listowner",
    "Blackpink",
    "Smoke",
    "Addrespon",
    "Listrespon",
    "Thunder",
    "Sticker",
    "Surah",
    "Listsurah",
    "Jadwalsholat",
    "Getcase",
    "Logomaker",
    "Adderror",
    "Afk",
    "Get",
    "Self",
    "Ytsearch",
    "Cekpacar",
    "Genjot",
    "Perkosa",
    "Ytmp4",
    "Playmp4",
    "Tictactoe",
    "Delsesi",
    "Cogan",
    "Lovestick",
    "Ttsearch",
    "Sendpol",
    "Ig",
    "Gcbot",
    "Toimg",
    "Tr",
    "Swm",
    "Bokep",
    "Cekmemek",
    "Cekkontol",
    "Paptt",
    "Antitoxic",
    "Antilink",
    "Antilinkgc",
    "Wangy",
    "Caridoi",
    "Getname",
    "Script",
    "Jodohku",
    "Crashgc",
    "Fc",
    "Sider",
    "Getpp",
    "Getppgc",
    "Infogc",
    "Tagme",
    "Hoshinoai",
    "Rangel",
    "Aipendeta",
    "Ss",
    "Delsampah",
    "Kurumi",
    "Remini",
    "Toanime",
    "Lu",
    "Hd",
    "Stiker",
    "Tebakbendera",
    "Kalkulator",
    "Givesaldo",
    "Kuranglimit",
    "Intro",
    "Kisahnabi",
    "Buylimit",
    "Rules",
    "Ehz2",
    "Nobg",
    "Ai",
    "Miku",
    "Luffy",
    "Robin",
    "Blowjob",
    "Nsfw",
    "Trap",
    "Pin",
    "Sewa",
    "Dashboard",
    "Alquranaudio",
    "Asmaulhusna",
    "Alquran",
    "Listonline",
    "Wm",
    "Simpcard",
    "Artinama",
    "Zodiak",
    "Welcome",
    "Addprem",
    "Txt2img",
    "Antipromosi",
    "Limit",
    "Jjmeryani",
    "Toptv",
    "Joincall",
    "Mukelu",
    "Hijab",
    "Setppgc",
    "Delppgc",
    "Spamchat",
    "Tagall",
    "Promote",
    "Kick",
    "Ppcp",
    "Addcmdprem",
    "Tomp3",
    "Once",
    "Patrick",
    "Loli"
  ],
  "anonymous": [],
  "blockcmd": [],
  "banned": [],
  "premium": [
    {
      "id": "6282246486494@s.whatsapp.net",
      "expired": 1706842938599
    },
    {
      "id": "6282246486494@s.whatsapp.net",
      "expired": 4296416301866
    },
    {
      "id": "6282246486494@s.whatsapp.net",
      "expired": 1707418737544
    }
  ],
  "claim": [],
  "data": [
    {
      "name": "premium",
      "id": [
        "paptt"
      ]
    },
    {
      "name": "commands",
      "id": []
    },
    {
      "name": "limit",
      "id": []
    },
    {
      "name": "owner",
      "id": [
        "6285795718659@s.whatsapp.net"
      ]
    }
  ],
  "sewa": [
    {
      "id": "120363180007756496@g.us",
      "group": "୧⍤⃝💐 𝘙𝘢𝘯𝘨𝘦𝘭 𝘉𝘰𝘵𝘻  ˃̵ᴗ˂̵",
      "linkgc": "https://chat.whatsapp.com/Fguw4KxsP6qCBm9RfZvHOS",
      "expired": 7234902949827234000
    }
  ],
  "antispam": [],
  "dashboard": [
    {
      "cmd": "Tourl",
      "succes": 1,
      "failed": 0
    },
    {
      "cmd": "Runtime",
      "succes": 4,
      "failed": 0
    },
    {
      "cmd": "Listonline",
      "succes": 0,
      "failed": 2
    },
    {
      "cmd": "Wm",
      "succes": 2,
      "failed": 0
    },
    {
      "cmd": "Simpcard",
      "succes": 1,
      "failed": 0
    },
    {
      "cmd": "Tr",
      "succes": 2,
      "failed": 0
    },
    {
      "cmd": "Play",
      "succes": 3,
      "failed": 0
    },
    {
      "cmd": "Artinama",
      "succes": 2,
      "failed": 0
    },
    {
      "cmd": "Zodiak",
      "succes": 1,
      "failed": 0
    },
    {
      "cmd": "Nsfw",
      "succes": 2,
      "failed": 0
    },
    {
      "cmd": "Owner",
      "succes": 1,
      "failed": 0
    },
    {
      "cmd": "On",
      "succes": 4,
      "failed": 0
    },
    {
      "cmd": "Ig",
      "succes": 1,
      "failed": 0
    },
    {
      "cmd": "Menu",
      "succes": 14,
      "failed": 0
    },
    {
      "cmd": "Welcome",
      "succes": 2,
      "failed": 0
    },
    {
      "cmd": "S",
      "succes": 3,
      "failed": 0
    },
    {
      "cmd": "Tt",
      "succes": 2,
      "failed": 0
    },
    {
      "cmd": "Ytmp4",
      "succes": 1,
      "failed": 0
    },
    {
      "cmd": "Addprem",
      "succes": 2,
      "failed": 0
    },
    {
      "cmd": "Toimg",
      "succes": 2,
      "failed": 0
    },
    {
      "cmd": "Txt2img",
      "succes": 5,
      "failed": 0
    },
    {
      "cmd": "Jadwalsholat",
      "succes": 1,
      "failed": 0
    },
    {
      "cmd": "Antipromosi",
      "succes": 1,
      "failed": 0
    },
    {
      "cmd": "Videogalau",
      "succes": 1,
      "failed": 0
    },
    {
      "cmd": "Family100",
      "succes": 15,
      "failed": 0
    },
    {
      "cmd": "Me",
      "succes": 3,
      "failed": 0
    },
    {
      "cmd": "Limit",
      "succes": 2,
      "failed": 0
    },
    {
      "cmd": "Jjmeryani",
      "succes": 2,
      "failed": 0
    },
    {
      "cmd": "Toptv",
      "succes": 3,
      "failed": 0
    },
    {
      "cmd": "Joincall",
      "succes": 4,
      "failed": 0
    },
    {
      "cmd": "Totalfitur",
      "succes": 1,
      "failed": 0
    },
    {
      "cmd": "Mukelu",
      "succes": 1,
      "failed": 0
    },
    {
      "cmd": "Hijab",
      "succes": 1,
      "failed": 0
    },
    {
      "cmd": "Setppgc",
      "succes": 2,
      "failed": 0
    },
    {
      "cmd": "Delppgc",
      "succes": 1,
      "failed": 0
    },
    {
      "cmd": "Wibuvid",
      "succes": 1,
      "failed": 0
    },
    {
      "cmd": "Logomaker",
      "succes": 1,
      "failed": 0
    },
    {
      "cmd": "Spamchat",
      "succes": 3,
      "failed": 0
    },
    {
      "cmd": "Sider",
      "succes": 1,
      "failed": 0
    },
    {
      "cmd": "Tagall",
      "succes": 1,
      "failed": 0
    },
    {
      "cmd": "Promote",
      "succes": 1,
      "failed": 0
    },
    {
      "cmd": "Kick",
      "succes": 1,
      "failed": 0
    },
    {
      "cmd": "Ppcp",
      "succes": 1,
      "failed": 0
    },
    {
      "cmd": "Paptt",
      "succes": 5,
      "failed": 0
    },
    {
      "cmd": "Addcmdprem",
      "succes": 1,
      "failed": 0
    },
    {
      "cmd": "Qc",
      "succes": 1,
      "failed": 0
    },
    {
      "cmd": "Tomp3",
      "succes": 1,
      "failed": 0
    },
    {
      "cmd": "Once",
      "succes": 1,
      "failed": 0
    },
    {
      "cmd": "Patrick",
      "succes": 1,
      "failed": 0
    },
    {
      "cmd": "Antitoxic",
      "succes": 1,
      "failed": 0
    },
    {
      "cmd": "Ttp",
      "succes": 1,
      "failed": 0
    },
    {
      "cmd": "Loli",
      "succes": 1,
      "failed": 0
    }
  ],
  "listerror": [
    {
      "error": "Cannot convert undefined or null to object",
      "cmd": "listonline"
    },
    {
      "error": "invalid json response body at https://api.botzaku.com/random/katailham?apikey=b5yDDN7Vhy reason: Unexpected token < in JSON at position 0",
      "cmd": "katailham"
    }
  ],
  "respon": {
    "Tes": {
      "id": "6285795718659",
      "respon": "Bot on Bev"
    }
  },
  "sticker": {
    "Lah": {
      "name": "Lah",
      "id": "2OZwVIlxTtKfaHvkZsnR",
      "size": "13.3 KB",
      "link": "https://cdn.filestackcontent.com/2OZwVIlxTtKfaHvkZsnR"
    },
    "Nyenye": {
      "name": "Nyenye",
      "id": "PvRL6mWzQIOdq0GsLUR5",
      "size": "77.6 KB",
      "link": "https://cdn.filestackcontent.com/PvRL6mWzQIOdq0GsLUR5"
    },
    "ywdah": {
      "name": "ywdah",
      "id": "NhUQyOJyTbmX6JBVsIDU",
      "size": "5.2 KB",
      "link": "https://cdn.filestackcontent.com/NhUQyOJyTbmX6JBVsIDU"
    }
  },
  "audio": {},
  "hittoday": [
    {
      "id": "run",
      "expired": 1704832953417,
      "totalcmd": 132
    }
  ],
  "clearchat": [],
  "users": {
    "6287715622526@s.whatsapp.net": {
      "name": "Anisa 🗿🎧",
      "id": "6287715622526",
      "date": "3 Januari 2024",
      "exp": 100,
      "level": 1,
      "hit": 15,
      "balance": 1000,
      "limit": 20,
      "glimit": 30,
      "serial": "SK0P",
      "lastclaim": 0,
      "afk": -1,
      "pc": 0,
      "grade": "Newbie",
      "autolevelup": false,
      "afkReason": ""
    },
    "6281316643491@s.whatsapp.net": {
      "name": "`-єнαηz",
      "id": "6281316643491",
      "date": "3 Januari 2024",
      "exp": 10100,
      "level": 1,
      "hit": 87,
      "balance": 11000,
      "limit": 27,
      "glimit": 30,
      "serial": "Q4LI",
      "lastclaim": 1704321548142,
      "afk": -1,
      "pc": 0,
      "grade": "Newbie",
      "autolevelup": false,
      "afkReason": "",
      "pasangan": ""
    },
    "628993645403@s.whatsapp.net": {
      "name": "Ega",
      "id": "628993645403",
      "date": "3 Januari 2024",
      "exp": 100,
      "level": 1,
      "hit": 0,
      "balance": 1000,
      "limit": 30,
      "glimit": 30,
      "serial": "ZTCN",
      "lastclaim": 0,
      "afk": -1,
      "pc": 0,
      "grade": "Newbie",
      "autolevelup": false,
      "afkReason": ""
    },
    "62882016093815@s.whatsapp.net": {
      "name": "Anda",
      "id": "62882016093815",
      "date": "3 Januari 2024",
      "exp": 100,
      "level": 1,
      "hit": 4,
      "balance": 1000,
      "limit": 30,
      "glimit": 30,
      "serial": "2MB8",
      "lastclaim": 0,
      "afk": -1,
      "pc": 0,
      "grade": "Newbie",
      "autolevelup": false,
      "afkReason": "",
      "pasangan": ""
    },
    "6285922404374@s.whatsapp.net": {
      "name": "Xrksoo? Yes sir !",
      "id": "6285922404374",
      "date": "3 Januari 2024",
      "exp": 100,
      "level": 1,
      "hit": 0,
      "balance": 1000,
      "limit": 30,
      "glimit": 30,
      "serial": "SAEI",
      "lastclaim": 0,
      "afk": -1,
      "pc": 0,
      "grade": "Newbie",
      "autolevelup": false,
      "afkReason": ""
    },
    "6289628126687@s.whatsapp.net": {
      "name": "nolan",
      "id": "6289628126687",
      "date": "3 Januari 2024",
      "exp": 100,
      "level": 1,
      "hit": 2,
      "balance": 1000,
      "limit": 28,
      "glimit": 30,
      "serial": "KXOS",
      "lastclaim": 0,
      "afk": -1,
      "pc": 0,
      "grade": "Newbie",
      "autolevelup": false,
      "afkReason": "",
      "pasangan": ""
    },
    "6282116603280@s.whatsapp.net": {
      "name": "— Muu Dark Dragon —",
      "id": "6282116603280",
      "date": "3 Januari 2024",
      "exp": 100,
      "level": 1,
      "hit": 0,
      "balance": 1000,
      "limit": 30,
      "glimit": 30,
      "serial": "DVTE",
      "lastclaim": 0,
      "afk": -1,
      "pc": 0,
      "grade": "Newbie",
      "autolevelup": false,
      "afkReason": ""
    },
    "6281349903205@s.whatsapp.net": {
      "name": "Tiara<~™",
      "id": "6281349903205",
      "date": "3 Januari 2024",
      "exp": 100,
      "level": 1,
      "hit": 0,
      "balance": 1000,
      "limit": 30,
      "glimit": 30,
      "serial": "UXJH",
      "lastclaim": 0,
      "afk": -1,
      "pc": 0,
      "grade": "Newbie",
      "autolevelup": false,
      "afkReason": ""
    },
    "6281390176910@s.whatsapp.net": {
      "name": "xyditzz` dev",
      "id": "6281390176910",
      "date": "3 Januari 2024",
      "exp": 100,
      "level": 1,
      "hit": 17,
      "balance": 1000,
      "limit": 30,
      "glimit": 29,
      "serial": "KMMT",
      "lastclaim": 0,
      "afk": -1,
      "pc": 0,
      "grade": "Newbie",
      "autolevelup": false,
      "afkReason": "",
      "pasangan": ""
    },
    "6285624530538@s.whatsapp.net": {
      "name": "r for rizz",
      "id": "6285624530538",
      "date": "3 Januari 2024",
      "exp": 100,
      "level": 1,
      "hit": 0,
      "balance": 2000,
      "limit": 30,
      "glimit": 30,
      "serial": "HHHD",
      "lastclaim": 0,
      "afk": -1,
      "pc": 0,
      "grade": "Newbie",
      "autolevelup": false,
      "afkReason": ""
    },
    "6285770725020@s.whatsapp.net": {
      "name": "Apakah Penting",
      "id": "6285770725020",
      "date": "3 Januari 2024",
      "exp": 100,
      "level": 1,
      "hit": 0,
      "balance": 1000,
      "limit": 30,
      "glimit": 30,
      "serial": "EVXL",
      "lastclaim": 0,
      "afk": -1,
      "pc": 0,
      "grade": "Newbie",
      "autolevelup": false
    },
    "6285640508730@s.whatsapp.net": {
      "name": "😙",
      "id": "6285640508730",
      "date": "3 Januari 2024",
      "exp": 100,
      "level": 1,
      "hit": 0,
      "balance": 1000,
      "limit": 30,
      "glimit": 30,
      "serial": "FZUN",
      "lastclaim": 0,
      "afk": -1,
      "pc": 0,
      "grade": "Newbie",
      "autolevelup": false,
      "afkReason": ""
    },
    "62895340033651@s.whatsapp.net": {
      "name": "𝗬𝗢𝗨𝗧𝗨𝗕𝗘:𝗙𝗜𝗞𝗔𝗥 𝗦𝗢𝗣𝗔𝗡 𝗥𝗠𝗫",
      "id": "62895340033651",
      "date": "3 Januari 2024",
      "exp": 100,
      "level": 1,
      "hit": 0,
      "balance": 1000,
      "limit": 30,
      "glimit": 30,
      "serial": "VEJR",
      "lastclaim": 0,
      "afk": -1,
      "pc": 0,
      "grade": "Newbie",
      "autolevelup": false
    },
    "6281263769352@s.whatsapp.net": {
      "name": "Ahmad",
      "id": "6281263769352",
      "date": "3 Januari 2024",
      "exp": 100,
      "level": 1,
      "hit": 0,
      "balance": 1000,
      "limit": 30,
      "glimit": 30,
      "serial": "8D84",
      "lastclaim": 0,
      "afk": -1,
      "pc": 0,
      "grade": "Newbie",
      "autolevelup": false,
      "afkReason": ""
    },
    "6283136211796@s.whatsapp.net": {
      "name": "Zuraa  𝖋𝖙 𝑪𝑪𝑨 🥶",
      "id": "6283136211796",
      "date": "3 Januari 2024",
      "exp": 100,
      "level": 1,
      "hit": 0,
      "balance": 1000,
      "limit": 30,
      "glimit": 30,
      "serial": "FAAP",
      "lastclaim": 0,
      "afk": -1,
      "pc": 0,
      "grade": "Newbie",
      "autolevelup": false
    },
    "6282267914435@s.whatsapp.net": {
      "name": "dinn SinisterSylph 冬",
      "id": "6282267914435",
      "date": "3 Januari 2024",
      "exp": 100,
      "level": 1,
      "hit": 0,
      "balance": 1000,
      "limit": 30,
      "glimit": 30,
      "serial": "GUWQ",
      "lastclaim": 0,
      "afk": -1,
      "pc": 0,
      "grade": "Newbie",
      "autolevelup": false,
      "afkReason": ""
    },
    "6287879150723@s.whatsapp.net": {
      "name": "moon",
      "id": "6287879150723",
      "date": "3 Januari 2024",
      "exp": 100,
      "level": 1,
      "hit": 4,
      "balance": 1000,
      "limit": 30,
      "glimit": 30,
      "serial": "KTDP",
      "lastclaim": 0,
      "afk": -1,
      "pc": 0,
      "grade": "Newbie",
      "autolevelup": false,
      "afkReason": "",
      "pasangan": ""
    },
    "6283874880988@s.whatsapp.net": {
      "name": "MAEL",
      "id": "6283874880988",
      "date": "3 Januari 2024",
      "exp": 100,
      "level": 1,
      "hit": 0,
      "balance": 1000,
      "limit": 30,
      "glimit": 30,
      "serial": "I66O",
      "lastclaim": 0,
      "afk": -1,
      "pc": 0,
      "grade": "Newbie",
      "autolevelup": false,
      "afkReason": ""
    },
    "628813603729@s.whatsapp.net": {
      "name": "Danujk",
      "id": "628813603729",
      "date": "4 Januari 2024",
      "exp": 100,
      "level": 1,
      "hit": 0,
      "balance": 1000,
      "limit": 30,
      "glimit": 30,
      "serial": "VQCL",
      "lastclaim": 0,
      "afk": -1,
      "pc": 0,
      "grade": "Newbie",
      "autolevelup": false,
      "afkReason": ""
    },
    "6288277526242@s.whatsapp.net": {
      "name": ".",
      "id": "6288277526242",
      "date": "4 Januari 2024",
      "exp": 100,
      "level": 1,
      "hit": 0,
      "balance": 1000,
      "limit": 30,
      "glimit": 30,
      "serial": "DU2B",
      "lastclaim": 0,
      "afk": -1,
      "pc": 0,
      "grade": "Newbie",
      "autolevelup": false
    },
    "6288975990137@s.whatsapp.net": {
      "name": "Renn?aa",
      "id": "6288975990137",
      "date": "4 Januari 2024",
      "exp": 100,
      "level": 1,
      "hit": 0,
      "balance": 1000,
      "limit": 30,
      "glimit": 30,
      "serial": "J9ER",
      "lastclaim": 0,
      "afk": -1,
      "pc": 0,
      "grade": "Newbie",
      "autolevelup": false
    },
    "6285156137901@s.whatsapp.net": {
      "name": "DITTAZ",
      "id": "6285156137901",
      "date": "4 Januari 2024",
      "exp": 100,
      "level": 1,
      "hit": 2,
      "balance": 1000,
      "limit": 30,
      "glimit": 30,
      "serial": "CLBR",
      "lastclaim": 0,
      "afk": -1,
      "pc": 0,
      "grade": "Newbie",
      "autolevelup": false,
      "afkReason": "",
      "pasangan": ""
    },
    "6285707731622@s.whatsapp.net": {
      "name": "𝒔𝒚𝒂𝒇𝒊𝒖𝒍𝒐𝒇𝒇𝒊𝒄𝒊𝒂𝒍",
      "id": "6285707731622",
      "date": "4 Januari 2024",
      "exp": 100,
      "level": 1,
      "hit": 0,
      "balance": 1000,
      "limit": 30,
      "glimit": 30,
      "serial": "MKJB",
      "lastclaim": 0,
      "afk": -1,
      "pc": 0,
      "grade": "Newbie",
      "autolevelup": false,
      "afkReason": ""
    },
    "62815727682435@s.whatsapp.net": {
      "name": "Acingux",
      "id": "62815727682435",
      "date": "4 Januari 2024",
      "exp": 100,
      "level": 1,
      "hit": 0,
      "balance": 1000,
      "limit": 30,
      "glimit": 30,
      "serial": "ZW0R",
      "lastclaim": 0,
      "afk": -1,
      "pc": 0,
      "grade": "Newbie",
      "autolevelup": false,
      "afkReason": ""
    },
    "6285717292178@s.whatsapp.net": {
      "name": "Tomlbb",
      "id": "6285717292178",
      "date": "4 Januari 2024",
      "exp": 100,
      "level": 1,
      "hit": 1,
      "balance": 1000,
      "limit": 30,
      "glimit": 30,
      "serial": "M1IO",
      "lastclaim": 0,
      "afk": -1,
      "pc": 0,
      "grade": "Newbie",
      "autolevelup": false,
      "afkReason": "",
      "pasangan": ""
    },
    "6283811806961@s.whatsapp.net": {
      "name": "yudah iya",
      "id": "6283811806961",
      "date": "5 Januari 2024",
      "exp": 100,
      "level": 1,
      "hit": 10,
      "balance": 1000,
      "limit": 30,
      "glimit": 30,
      "serial": "7R73",
      "lastclaim": 0,
      "afk": -1,
      "pc": 0,
      "grade": "Newbie",
      "autolevelup": false,
      "afkReason": "",
      "pasangan": ""
    },
    "6288986227271@s.whatsapp.net": {
      "name": "REAL Vanzxy XD [7271]",
      "id": "6288986227271",
      "date": "5 Januari 2024",
      "exp": 100,
      "level": 1,
      "hit": 19,
      "balance": 1000,
      "limit": 30,
      "glimit": 30,
      "serial": "X5F8",
      "lastclaim": 0,
      "afk": -1,
      "pc": 0,
      "grade": "Newbie",
      "autolevelup": false,
      "afkReason": ""
    },
    "6287776970602@s.whatsapp.net": {
      "name": "Kucing",
      "id": "6287776970602",
      "date": "5 Januari 2024",
      "exp": 100,
      "level": 1,
      "hit": 3,
      "balance": 1000,
      "limit": 30,
      "glimit": 30,
      "serial": "FW8H",
      "lastclaim": 0,
      "afk": -1,
      "pc": 0,
      "grade": "Newbie",
      "autolevelup": false,
      "afkReason": "",
      "pasangan": ""
    },
    "62895701469991@s.whatsapp.net": {
      "name": "FANIAXR",
      "id": "62895701469991",
      "date": "5 Januari 2024",
      "exp": 100,
      "level": 1,
      "hit": 8,
      "balance": 3000,
      "limit": 30,
      "glimit": 29,
      "serial": "I96N",
      "lastclaim": 0,
      "afk": -1,
      "pc": 0,
      "grade": "Newbie",
      "autolevelup": false,
      "afkReason": "",
      "pasangan": ""
    },
    "6285925358552@s.whatsapp.net": {
      "name": "Edek",
      "id": "6285925358552",
      "date": "5 Januari 2024",
      "exp": 100,
      "level": 1,
      "hit": 0,
      "balance": 1000,
      "limit": 30,
      "glimit": 30,
      "serial": "UNI0",
      "lastclaim": 0,
      "afk": -1,
      "pc": 0,
      "grade": "Newbie",
      "autolevelup": false,
      "afkReason": ""
    },
    "6281329018724@s.whatsapp.net": {
      "name": "A",
      "id": "6281329018724",
      "date": "5 Januari 2024",
      "exp": 100,
      "level": 1,
      "hit": 0,
      "balance": 1000,
      "limit": 30,
      "glimit": 30,
      "serial": "JSJH",
      "lastclaim": 0,
      "afk": -1,
      "pc": 0,
      "grade": "Newbie",
      "autolevelup": false,
      "afkReason": ""
    },
    "6285778502403@s.whatsapp.net": {
      "name": "~Syadd~",
      "id": "6285778502403",
      "date": "5 Januari 2024",
      "exp": 100,
      "level": 1,
      "hit": 7,
      "balance": 1000,
      "limit": 30,
      "glimit": 30,
      "serial": "TGOZ",
      "lastclaim": 0,
      "afk": -1,
      "pc": 0,
      "grade": "Newbie",
      "autolevelup": false,
      "afkReason": "",
      "pasangan": ""
    },
    "6285795718659@s.whatsapp.net": {
      "name": "Bot",
      "id": "6285795718659",
      "date": "5 Januari 2024",
      "exp": 100,
      "level": 1,
      "hit": 231,
      "balance": 2000,
      "limit": 18,
      "glimit": 27,
      "serial": "4TJ6",
      "lastclaim": 0,
      "afk": -1,
      "pc": 1704568796980,
      "grade": "Newbie",
      "autolevelup": false,
      "afkReason": "",
      "pasangan": ""
    },
    "6281380015590@s.whatsapp.net": {
      "name": "Novi01:Ig💜",
      "id": "6281380015590",
      "date": "5 Januari 2024",
      "exp": 100,
      "level": 1,
      "hit": 0,
      "balance": 1000,
      "limit": 30,
      "glimit": 30,
      "serial": "2CSE",
      "lastclaim": 0,
      "afk": -1,
      "pc": 0,
      "grade": "Newbie",
      "autolevelup": false
    },
    "6281910133025@s.whatsapp.net": {
      "name": "☆피릴",
      "id": "6281910133025",
      "date": "5 Januari 2024",
      "exp": 100,
      "level": 1,
      "hit": 1,
      "balance": 1000,
      "limit": 30,
      "glimit": 30,
      "serial": "T70Q",
      "lastclaim": 0,
      "afk": -1,
      "pc": 0,
      "grade": "Newbie",
      "autolevelup": false
    },
    "6283866936044@s.whatsapp.net": {
      "name": "➢",
      "id": "6283866936044",
      "date": "5 Januari 2024",
      "exp": 100,
      "level": 1,
      "hit": 1,
      "balance": 1000,
      "limit": 30,
      "glimit": 30,
      "serial": "KZNB",
      "lastclaim": 0,
      "afk": -1,
      "pc": 0,
      "grade": "Newbie",
      "autolevelup": false,
      "afkReason": ""
    },
    "6287758740023@s.whatsapp.net": {
      "name": ".",
      "id": "6287758740023",
      "date": "5 Januari 2024",
      "exp": 100,
      "level": 1,
      "hit": 3,
      "balance": 1000,
      "limit": 30,
      "glimit": 30,
      "serial": "O2D1",
      "lastclaim": 0,
      "afk": -1,
      "pc": 0,
      "grade": "Newbie",
      "autolevelup": false,
      "afkReason": "",
      "pasangan": ""
    },
    "6288901712919@s.whatsapp.net": {
      "name": "4P1P",
      "id": "6288901712919",
      "date": "5 Januari 2024",
      "exp": 100,
      "level": 1,
      "hit": 7,
      "balance": 1000,
      "limit": 30,
      "glimit": 30,
      "serial": "K59Y",
      "lastclaim": 0,
      "afk": -1,
      "pc": 0,
      "grade": "Newbie",
      "autolevelup": false,
      "afkReason": ""
    },
    "6281378177101@s.whatsapp.net": {
      "name": "Ariandi Ganz",
      "id": "6281378177101",
      "date": "5 Januari 2024",
      "exp": 3100,
      "level": 1,
      "hit": 3,
      "balance": 4000,
      "limit": 38,
      "glimit": 30,
      "serial": "VP8Q",
      "lastclaim": 1704416554340,
      "afk": -1,
      "pc": 0,
      "grade": "Newbie",
      "autolevelup": false,
      "afkReason": ""
    },
    "6285713366540@s.whatsapp.net": {
      "name": "IanxIhwan",
      "id": "6285713366540",
      "date": "5 Januari 2024",
      "exp": 100,
      "level": 1,
      "hit": 2,
      "balance": 1000,
      "limit": 30,
      "glimit": 30,
      "serial": "L4HF",
      "lastclaim": 0,
      "afk": -1,
      "pc": 0,
      "grade": "Newbie",
      "autolevelup": false,
      "afkReason": ""
    },
    "6283850212505@s.whatsapp.net": {
      "name": "BANG KY",
      "id": "6283850212505",
      "date": "5 Januari 2024",
      "exp": 100,
      "level": 1,
      "hit": 2,
      "balance": 1000,
      "limit": 30,
      "glimit": 30,
      "serial": "GIOD",
      "lastclaim": 0,
      "afk": -1,
      "pc": 0,
      "grade": "Newbie",
      "autolevelup": false,
      "afkReason": ""
    },
    "62882258479182@s.whatsapp.net": {
      "name": "AkmalTzy</>🥊",
      "id": "62882258479182",
      "date": "5 Januari 2024",
      "exp": 100,
      "level": 1,
      "hit": 3,
      "balance": 1000,
      "limit": 30,
      "glimit": 30,
      "serial": "2RJH",
      "lastclaim": 0,
      "afk": -1,
      "pc": 0,
      "grade": "Newbie",
      "autolevelup": false,
      "afkReason": "",
      "pasangan": ""
    },
    "6285290836216@s.whatsapp.net": {
      "name": "𝕯𝖎𝖆𝖟𝕬𝖓𝖙𝖎𝕹𝖙",
      "id": "6285290836216",
      "date": "5 Januari 2024",
      "exp": 100,
      "level": 1,
      "hit": 3,
      "balance": 1000,
      "limit": 29,
      "glimit": 30,
      "serial": "HPKY",
      "lastclaim": 0,
      "afk": -1,
      "pc": 0,
      "grade": "Newbie",
      "autolevelup": false,
      "afkReason": ""
    },
    "6282223382588@s.whatsapp.net": {
      "name": "Aswal✓",
      "id": "6282223382588",
      "date": "5 Januari 2024",
      "exp": 100,
      "level": 1,
      "hit": 3,
      "balance": 1000,
      "limit": 30,
      "glimit": 30,
      "serial": "WVML",
      "lastclaim": 0,
      "afk": -1,
      "pc": 0,
      "grade": "Newbie",
      "autolevelup": false,
      "afkReason": "",
      "pasangan": ""
    },
    "6288293396158@s.whatsapp.net": {
      "name": "Selfreminder",
      "id": "6288293396158",
      "date": "5 Januari 2024",
      "exp": 100,
      "level": 1,
      "hit": 4,
      "balance": 1000,
      "limit": 29,
      "glimit": 30,
      "serial": "3KKJ",
      "lastclaim": 0,
      "afk": -1,
      "pc": 0,
      "grade": "Newbie",
      "autolevelup": false,
      "afkReason": "",
      "pasangan": ""
    },
    "254735306047@s.whatsapp.net": {
      "name": "ᴋʏsᴀɢᴇ",
      "id": "254735306047",
      "date": "6 Januari 2024",
      "exp": 100,
      "level": 1,
      "hit": 4,
      "balance": 1000,
      "limit": 30,
      "glimit": 30,
      "serial": "PKI6",
      "lastclaim": 0,
      "afk": -1,
      "pc": 0,
      "grade": "Newbie",
      "autolevelup": false,
      "afkReason": ""
    },
    "6281237270808@s.whatsapp.net": {
      "name": "Ahda",
      "id": "6281237270808",
      "date": "6 Januari 2024",
      "exp": 100,
      "level": 1,
      "hit": 2,
      "balance": 1000,
      "limit": 30,
      "glimit": 30,
      "serial": "ZFYO",
      "lastclaim": 0,
      "afk": -1,
      "pc": 0,
      "grade": "Newbie",
      "autolevelup": false,
      "afkReason": ""
    },
    "6283801900082@s.whatsapp.net": {
      "name": "sparkless",
      "id": "6283801900082",
      "date": "6 Januari 2024",
      "exp": 100,
      "level": 1,
      "hit": 4,
      "balance": 1000,
      "limit": 30,
      "glimit": 30,
      "serial": "3KBS",
      "lastclaim": 0,
      "afk": -1,
      "pc": 0,
      "grade": "Newbie",
      "autolevelup": false,
      "afkReason": ""
    },
    "6283101726147@s.whatsapp.net": {
      "name": "Bot",
      "id": "6283101726147",
      "date": "6 Januari 2024",
      "exp": 100,
      "level": 1,
      "hit": 1,
      "balance": 1000,
      "limit": 30,
      "glimit": 30,
      "serial": "IQDX",
      "lastclaim": 0,
      "afk": -1,
      "pc": 0,
      "grade": "Newbie",
      "autolevelup": false
    },
    "2349024925375@s.whatsapp.net": {
      "name": "Clinton",
      "id": "2349024925375",
      "date": "6 Januari 2024",
      "exp": 100,
      "level": 1,
      "hit": 2,
      "balance": 1000,
      "limit": 30,
      "glimit": 30,
      "serial": "6613",
      "lastclaim": 0,
      "afk": -1,
      "pc": 0,
      "grade": "Newbie",
      "autolevelup": false,
      "afkReason": ""
    },
    "6285776354971@s.whatsapp.net": {
      "name": "Rokan Nim",
      "id": "6285776354971",
      "date": "6 Januari 2024",
      "exp": 100,
      "level": 1,
      "hit": 4,
      "balance": 1000,
      "limit": 30,
      "glimit": 30,
      "serial": "MZ8V",
      "lastclaim": 0,
      "afk": -1,
      "pc": 0,
      "grade": "Newbie",
      "autolevelup": false,
      "afkReason": ""
    },
    "2349134426076@s.whatsapp.net": {
      "name": "Space......?",
      "id": "2349134426076",
      "date": "6 Januari 2024",
      "exp": 100,
      "level": 1,
      "hit": 7,
      "balance": 1000,
      "limit": 26,
      "glimit": 30,
      "serial": "QSUL",
      "lastclaim": 0,
      "afk": -1,
      "pc": 0,
      "grade": "Newbie",
      "autolevelup": false,
      "afkReason": ""
    },
    "6287864568965@s.whatsapp.net": {
      "name": "diiiiiii",
      "id": "6287864568965",
      "date": "6 Januari 2024",
      "exp": 100,
      "level": 1,
      "hit": 6,
      "balance": 1000,
      "limit": 30,
      "glimit": 30,
      "serial": "3SS9",
      "lastclaim": 0,
      "afk": -1,
      "pc": 0,
      "grade": "Newbie",
      "autolevelup": false,
      "afkReason": "",
      "pasangan": ""
    },
    "6288215204772@s.whatsapp.net": {
      "name": "MastiroXD",
      "id": "6288215204772",
      "date": "6 Januari 2024",
      "exp": 100,
      "level": 1,
      "hit": 1,
      "balance": 1000,
      "limit": 30,
      "glimit": 30,
      "serial": "R1FB",
      "lastclaim": 0,
      "afk": -1,
      "pc": 0,
      "grade": "Newbie",
      "autolevelup": false
    },
    "6283822838125@s.whatsapp.net": {
      "name": "Karin",
      "id": "6283822838125",
      "date": "6 Januari 2024",
      "exp": 100,
      "level": 1,
      "hit": 2,
      "balance": 1000,
      "limit": 30,
      "glimit": 30,
      "serial": "KHYV",
      "lastclaim": 0,
      "afk": -1,
      "pc": 0,
      "grade": "Newbie",
      "autolevelup": false,
      "afkReason": ""
    },
    "6289527908132@s.whatsapp.net": {
      "name": "Dil Ned Testi",
      "id": "6289527908132",
      "date": "6 Januari 2024",
      "exp": 100,
      "level": 1,
      "hit": 1,
      "balance": 1000,
      "limit": 30,
      "glimit": 30,
      "serial": "UZTL",
      "lastclaim": 0,
      "afk": -1,
      "pc": 0,
      "grade": "Newbie",
      "autolevelup": false
    },
    "6287879332296@s.whatsapp.net": {
      "name": "\"Reza Reyhan\"",
      "id": "6287879332296",
      "date": "6 Januari 2024",
      "exp": 100,
      "level": 1,
      "hit": 7,
      "balance": 1000,
      "limit": 30,
      "glimit": 30,
      "serial": "BXHC",
      "lastclaim": 0,
      "afk": -1,
      "pasangan": 0,
      "pc": 0,
      "grade": "Newbie",
      "autolevelup": false,
      "afkReason": ""
    },
    "12315159928@s.whatsapp.net": {
      "name": ".",
      "id": "12315159928",
      "date": "6 Januari 2024",
      "exp": 100,
      "level": 1,
      "hit": 23,
      "balance": 2000,
      "limit": 29,
      "glimit": 30,
      "serial": "7BUY",
      "lastclaim": 0,
      "afk": -1,
      "pasangan": 0,
      "pc": 0,
      "grade": "Newbie",
      "autolevelup": false,
      "afkReason": ""
    },
    "6287869901452@s.whatsapp.net": {
      "name": "pacrnya alpaa",
      "id": "6287869901452",
      "date": "6 Januari 2024",
      "exp": 100,
      "level": 1,
      "hit": 11,
      "balance": 1000,
      "limit": 24,
      "glimit": 30,
      "serial": "HUX6",
      "lastclaim": 0,
      "afk": -1,
      "pasangan": 0,
      "pc": 0,
      "grade": "Newbie",
      "autolevelup": false,
      "afkReason": ""
    },
    "6282148864989@s.whatsapp.net": {
      "name": "keyra",
      "id": "6282148864989",
      "date": "6 Januari 2024",
      "exp": 100,
      "level": 1,
      "hit": 18,
      "balance": 1000,
      "limit": 30,
      "glimit": 30,
      "serial": "5IY8",
      "lastclaim": 0,
      "afk": -1,
      "pasangan": 0,
      "pc": 0,
      "grade": "Newbie",
      "autolevelup": false,
      "afkReason": ""
    },
    "6283195253219@s.whatsapp.net": {
      "name": "r",
      "id": "6283195253219",
      "date": "6 Januari 2024",
      "exp": 100,
      "level": 1,
      "hit": 2,
      "balance": 1000,
      "limit": 29,
      "glimit": 30,
      "serial": "HIQE",
      "lastclaim": 0,
      "afk": -1,
      "pasangan": 0,
      "pc": 0,
      "grade": "Newbie",
      "autolevelup": false,
      "afkReason": ""
    },
    "62895433466090@s.whatsapp.net": {
      "name": "ㅤ𝗢𝗿𝗹𝗮𝗻𝗱𝗼 𝗕𝗢𝗧",
      "id": "62895433466090",
      "date": "6 Januari 2024",
      "exp": 100,
      "level": 1,
      "hit": 22,
      "balance": 1000,
      "limit": 30,
      "glimit": 30,
      "serial": "YBCU",
      "lastclaim": 0,
      "afk": -1,
      "pasangan": 0,
      "pc": 0,
      "grade": "Newbie",
      "autolevelup": false,
      "afkReason": ""
    },
    "6281327006085@s.whatsapp.net": {
      "name": "Farrel suka bertanya",
      "id": "6281327006085",
      "date": "6 Januari 2024",
      "exp": 100,
      "level": 1,
      "hit": 1,
      "balance": 1000,
      "limit": 30,
      "glimit": 30,
      "serial": "3ZQA",
      "lastclaim": 0,
      "afk": -1,
      "pasangan": 0,
      "pc": 0,
      "grade": "Newbie",
      "autolevelup": false
    },
    "6281280525305@s.whatsapp.net": {
      "name": ".",
      "id": "6281280525305",
      "date": "6 Januari 2024",
      "exp": 100,
      "level": 1,
      "hit": 11,
      "balance": 1000,
      "limit": 30,
      "glimit": 30,
      "serial": "30R8",
      "lastclaim": 0,
      "afk": -1,
      "pasangan": 0,
      "pc": 0,
      "grade": "Newbie",
      "autolevelup": false,
      "afkReason": ""
    },
    "6282216226774@s.whatsapp.net": {
      "name": "RANDY",
      "id": "6282216226774",
      "date": "6 Januari 2024",
      "exp": 100,
      "level": 1,
      "hit": 1,
      "balance": 1000,
      "limit": 30,
      "glimit": 30,
      "serial": "KOYL",
      "lastclaim": 0,
      "afk": -1,
      "pasangan": 0,
      "pc": 0,
      "grade": "Newbie",
      "autolevelup": false
    },
    "6287758118165@s.whatsapp.net": {
      "name": "里齐克·萨穆德拉",
      "id": "6287758118165",
      "date": "6 Januari 2024",
      "exp": 100,
      "level": 1,
      "hit": 2,
      "balance": 1000,
      "limit": 30,
      "glimit": 30,
      "serial": "QMBI",
      "lastclaim": 0,
      "afk": -1,
      "pasangan": 0,
      "pc": 0,
      "grade": "Newbie",
      "autolevelup": false,
      "afkReason": ""
    },
    "6285603609390@s.whatsapp.net": {
      "name": "YANN",
      "id": "6285603609390",
      "date": "6 Januari 2024",
      "exp": 100,
      "level": 1,
      "hit": 1,
      "balance": 1000,
      "limit": 30,
      "glimit": 30,
      "serial": "EHHI",
      "lastclaim": 0,
      "afk": -1,
      "pasangan": 0,
      "pc": 0,
      "grade": "Newbie",
      "autolevelup": false
    },
    "6285727056146@s.whatsapp.net": {
      "name": "𝕬𝖑𝖆𝖓𝖌 𝖘𝖆𝖗𝖎",
      "id": "6285727056146",
      "date": "6 Januari 2024",
      "exp": 100,
      "level": 1,
      "hit": 4,
      "balance": 1000,
      "limit": 30,
      "glimit": 30,
      "serial": "UWOL",
      "lastclaim": 0,
      "afk": -1,
      "pasangan": 0,
      "pc": 0,
      "grade": "Newbie",
      "autolevelup": false,
      "afkReason": ""
    },
    "6285650857168@s.whatsapp.net": {
      "name": "Fah672 YT ゝ15y · “DG”",
      "id": "6285650857168",
      "date": "6 Januari 2024",
      "exp": 100,
      "level": 1,
      "hit": 1,
      "balance": 1000,
      "limit": 30,
      "glimit": 30,
      "serial": "EYJS",
      "lastclaim": 0,
      "afk": -1,
      "pasangan": 0,
      "pc": 0,
      "grade": "Newbie",
      "autolevelup": false
    },
    "6283152915166@s.whatsapp.net": {
      "name": "Diw",
      "id": "6283152915166",
      "date": "6 Januari 2024",
      "exp": 100,
      "level": 1,
      "hit": 1,
      "balance": 1000,
      "limit": 30,
      "glimit": 30,
      "serial": "NBA1",
      "lastclaim": 0,
      "afk": -1,
      "pasangan": 0,
      "pc": 0,
      "grade": "Newbie",
      "autolevelup": false,
      "afkReason": ""
    },
    "6283175105387@s.whatsapp.net": {
      "name": "iya",
      "id": "6283175105387",
      "date": "6 Januari 2024",
      "exp": 100,
      "level": 1,
      "hit": 1,
      "balance": 1000,
      "limit": 29,
      "glimit": 30,
      "serial": "S2EH",
      "lastclaim": 0,
      "afk": -1,
      "pasangan": 0,
      "pc": 0,
      "grade": "Newbie",
      "autolevelup": false
    },
    "6283830806475@s.whatsapp.net": {
      "name": "feiii",
      "id": "6283830806475",
      "date": "6 Januari 2024",
      "exp": 100,
      "level": 1,
      "hit": 19,
      "balance": 1000,
      "limit": 29,
      "glimit": 28,
      "serial": "FQXH",
      "lastclaim": 0,
      "afk": -1,
      "pasangan": 0,
      "pc": 0,
      "grade": "Newbie",
      "autolevelup": false,
      "afkReason": ""
    },
    "6283833582904@s.whatsapp.net": {
      "name": "Wen",
      "id": "6283833582904",
      "date": "6 Januari 2024",
      "exp": 100,
      "level": 1,
      "hit": 4,
      "balance": 1000,
      "limit": 30,
      "glimit": 30,
      "serial": "QC4A",
      "lastclaim": 0,
      "afk": -1,
      "pasangan": 0,
      "pc": 0,
      "grade": "Newbie",
      "autolevelup": false,
      "afkReason": ""
    },
    "6287863986867@s.whatsapp.net": {
      "name": "Kadek Winda",
      "id": "6287863986867",
      "date": "6 Januari 2024",
      "exp": 100,
      "level": 1,
      "hit": 2,
      "balance": 1000,
      "limit": 30,
      "glimit": 30,
      "serial": "ER1A",
      "lastclaim": 0,
      "afk": -1,
      "pasangan": 0,
      "pc": 0,
      "grade": "Newbie",
      "autolevelup": false,
      "afkReason": ""
    },
    "6287778405247@s.whatsapp.net": {
      "name": "~Rey",
      "id": "6287778405247",
      "date": "6 Januari 2024",
      "exp": 100,
      "level": 1,
      "hit": 1,
      "balance": 1000,
      "limit": 30,
      "glimit": 30,
      "serial": "Z6PA",
      "lastclaim": 0,
      "afk": -1,
      "pasangan": 0,
      "pc": 0,
      "grade": "Newbie",
      "autolevelup": false
    },
    "6285813917413@s.whatsapp.net": {
      "name": "ꦩꦺꦴꦲꦩꦢ꧀ꦮꦃꦪꦸꦫꦺꦴꦩꦝꦺꦴꦤꦶ",
      "id": "6285813917413",
      "date": "7 Januari 2024",
      "exp": 100,
      "level": 1,
      "hit": 10,
      "balance": 1000,
      "limit": 30,
      "glimit": 30,
      "serial": "ZLGD",
      "lastclaim": 0,
      "afk": -1,
      "pasangan": 0,
      "pc": 0,
      "grade": "Newbie",
      "autolevelup": false,
      "afkReason": ""
    },
    "6281265917367@s.whatsapp.net": {
      "name": "Nesya",
      "id": "6281265917367",
      "date": "7 Januari 2024",
      "exp": 100,
      "level": 1,
      "hit": 3,
      "balance": 1000,
      "limit": 30,
      "glimit": 30,
      "serial": "1EJG",
      "lastclaim": 0,
      "afk": -1,
      "pasangan": 0,
      "pc": 0,
      "grade": "Newbie",
      "autolevelup": false,
      "afkReason": ""
    },
    "6281572752687@s.whatsapp.net": {
      "name": ".",
      "id": "6281572752687",
      "date": "7 Januari 2024",
      "exp": 100,
      "level": 1,
      "hit": 1,
      "balance": 1000,
      "limit": 30,
      "glimit": 30,
      "serial": "YRBR",
      "lastclaim": 0,
      "afk": -1,
      "pasangan": 0,
      "pc": 0,
      "grade": "Newbie",
      "autolevelup": false
    },
    "6283123774103@s.whatsapp.net": {
      "name": "ZHAO VH MARKET",
      "id": "6283123774103",
      "date": "9 Januari 2024",
      "exp": 100,
      "level": 1,
      "hit": 2,
      "balance": 1000,
      "limit": 30,
      "glimit": 30,
      "serial": "NKEP",
      "lastclaim": 0,
      "afk": -1,
      "pasangan": 0,
      "pc": 0,
      "grade": "Newbie",
      "autolevelup": false,
      "afkReason": ""
    },
    "6287891361561@s.whatsapp.net": {
      "name": "Draco",
      "id": "6287891361561",
      "date": "9 Januari 2024",
      "exp": 100,
      "level": 1,
      "hit": 3,
      "balance": 1000,
      "limit": 30,
      "glimit": 30,
      "serial": "ZH7D",
      "lastclaim": 0,
      "afk": -1,
      "pasangan": 0,
      "pc": 0,
      "grade": "Newbie",
      "autolevelup": false,
      "afkReason": ""
    },
    "6288804595206@s.whatsapp.net": {
      "name": "YUKI REAL",
      "id": "6288804595206",
      "date": "9 Januari 2024",
      "exp": 100,
      "level": 1,
      "hit": 4,
      "balance": 1000,
      "limit": 30,
      "glimit": 30,
      "serial": "KQF4",
      "lastclaim": 0,
      "afk": -1,
      "pasangan": 0,
      "pc": 0,
      "grade": "Newbie",
      "autolevelup": false,
      "afkReason": ""
    },
    "6283136230161@s.whatsapp.net": {
      "name": "Meyy",
      "id": "6283136230161",
      "date": "9 Januari 2024",
      "exp": 100,
      "level": 1,
      "hit": 1,
      "balance": 1000,
      "limit": 30,
      "glimit": 30,
      "serial": "IVLM",
      "lastclaim": 0,
      "afk": -1,
      "pasangan": 0,
      "pc": 0,
      "grade": "Newbie",
      "autolevelup": false
    },
    "6285783458467@s.whatsapp.net": {
      "name": "c For Cinta",
      "id": "6285783458467",
      "date": "9 Januari 2024",
      "exp": 100,
      "level": 1,
      "hit": 1,
      "balance": 1000,
      "limit": 29,
      "glimit": 30,
      "serial": "JEUD",
      "lastclaim": 0,
      "afk": -1,
      "pasangan": 0,
      "pc": 0,
      "grade": "Newbie",
      "autolevelup": false
    },
    "6285880150761@s.whatsapp.net": {
      "name": ".",
      "id": "6285880150761",
      "date": "9 Januari 2024",
      "exp": 100,
      "level": 1,
      "hit": 1,
      "balance": 2000,
      "limit": 30,
      "glimit": 30,
      "serial": "PXFE",
      "lastclaim": 0,
      "afk": -1,
      "pasangan": 0,
      "pc": 0,
      "grade": "Newbie",
      "autolevelup": false
    },
    "6281287641530@s.whatsapp.net": {
      "name": "Lalisa Manobal",
      "id": "6281287641530",
      "date": "9 Januari 2024",
      "exp": 100,
      "level": 1,
      "hit": 2,
      "balance": 1000,
      "limit": 30,
      "glimit": 30,
      "serial": "8ERP",
      "lastclaim": 0,
      "afk": -1,
      "pasangan": 0,
      "pc": 0,
      "grade": "Newbie",
      "autolevelup": false,
      "afkReason": ""
    },
    "6282246486494@s.whatsapp.net": {
      "name": "Yes",
      "id": "6282246486494",
      "date": "9 Januari 2024",
      "exp": 100,
      "level": 1,
      "hit": 44,
      "balance": 1000,
      "limit": 26,
      "glimit": 30,
      "serial": "DQSF",
      "lastclaim": 0,
      "afk": -1,
      "pasangan": 0,
      "pc": 1704826739256,
      "grade": "Newbie",
      "autolevelup": false,
      "afkReason": ""
    },
    "6288294398348@s.whatsapp.net": {
      "name": "tiii",
      "id": "6288294398348",
      "date": "9 Januari 2024",
      "exp": 100,
      "level": 1,
      "hit": 16,
      "balance": 31000,
      "limit": 30,
      "glimit": 19,
      "serial": "FMNR",
      "lastclaim": 0,
      "afk": -1,
      "pasangan": 0,
      "pc": 0,
      "grade": "Newbie",
      "autolevelup": false,
      "afkReason": ""
    },
    "6283103795763@s.whatsapp.net": {
      "name": ".",
      "id": "6283103795763",
      "date": "9 Januari 2024",
      "exp": 100,
      "level": 1,
      "hit": 2,
      "balance": 1000,
      "limit": 30,
      "glimit": 30,
      "serial": "DY7D",
      "lastclaim": 0,
      "afk": -1,
      "pasangan": 0,
      "pc": 0,
      "grade": "Newbie",
      "autolevelup": false,
      "afkReason": ""
    },
    "6283892570490@s.whatsapp.net": {
      "name": "Erikaa Md",
      "id": "6283892570490",
      "date": "9 Januari 2024",
      "exp": 100,
      "level": 1,
      "hit": 1,
      "balance": 1000,
      "limit": 30,
      "glimit": 30,
      "serial": "ODCA",
      "lastclaim": 0,
      "afk": -1,
      "pasangan": 0,
      "pc": 0,
      "grade": "Newbie",
      "autolevelup": false
    },
    "6288242695603@s.whatsapp.net": {
      "name": "Rama",
      "id": "6288242695603",
      "date": "10 Januari 2024",
      "exp": 100,
      "level": 1,
      "hit": 1,
      "balance": 1000,
      "limit": 30,
      "glimit": 30,
      "serial": "IH31",
      "lastclaim": 0,
      "afk": -1,
      "pasangan": 0,
      "pc": 0,
      "grade": "Newbie",
      "autolevelup": false
    },
    "6282112640795@s.whatsapp.net": {
      "name": "Angga Na",
      "id": "6282112640795",
      "date": "10 Januari 2024",
      "exp": 100,
      "level": 1,
      "hit": 7,
      "balance": 1000,
      "limit": 30,
      "glimit": 30,
      "serial": "TJSJ",
      "lastclaim": 0,
      "afk": -1,
      "pasangan": 0,
      "pc": 0,
      "grade": "Newbie",
      "autolevelup": false,
      "afkReason": ""
    },
    "6283899684835@s.whatsapp.net": {
      "name": "LALISA",
      "id": "6283899684835",
      "date": "10 Januari 2024",
      "exp": 100,
      "level": 1,
      "hit": 1,
      "balance": 1000,
      "limit": 30,
      "glimit": 30,
      "serial": "H3I7",
      "lastclaim": 0,
      "afk": -1,
      "pasangan": 0,
      "pc": 0,
      "grade": "Newbie",
      "autolevelup": false
    }
  },
  "chats": {
    "120363162611448409@g.us": {
      "name": [],
      "add": 0,
      "welcome": true,
      "detect": true,
      "sWelcome": "",
      "sBye": "",
      "sPromote": "",
      "sDemote": "",
      "desc": true,
      "descUpdate": true,
      "autostiker": false,
      "antilink": false,
      "antilinkgc": false,
      "antidelete": false,
      "antiasing": false,
      "banchat": false,
      "expired": 0,
      "antibadword": true,
      "antispam": true,
      "antitroli": false,
      "antivirtex": false,
      "antiwame": false,
      "antihidetag": false,
      "viewonce": true,
      "nsfw": false,
      "clear": false,
      "clearTime": 0,
      "stiker": false,
      "antiLink": true,
      "antiBadword": true
    },
    "120363180007756496@g.us": {
      "name": "୧⍤⃝💐 𝘙𝘢𝘯𝘨𝘦𝘭 𝘉𝘰𝘵𝘻  ˃̵ᴗ˂̵",
      "add": 0,
      "welcome": true,
      "detect": true,
      "sWelcome": "",
      "sBye": "",
      "sPromote": "",
      "sDemote": "",
      "desc": true,
      "descUpdate": true,
      "autostiker": false,
      "antilink": false,
      "antilinkgc": false,
      "antidelete": false,
      "antiasing": false,
      "banchat": false,
      "expired": 0,
      "antibadword": true,
      "antispam": true,
      "antitroli": false,
      "antivirtex": false,
      "antiwame": false,
      "antihidetag": false,
      "viewonce": true,
      "nsfw": false,
      "clear": false,
      "clearTime": 0,
      "stiker": false,
      "antiLink": true,
      "antiBadword": true,
      "antitoxic": true
    },
    "120363024600064973@g.us": {
      "name": "🤖 𝘏𝘢𝘴𝘩𝘪𝘳𝘢 𝘉𝘰𝘵𝘻 ㇱ",
      "add": 0,
      "welcome": true,
      "detect": true,
      "sWelcome": "",
      "sBye": "",
      "sPromote": "",
      "sDemote": "",
      "desc": true,
      "descUpdate": true,
      "autostiker": false,
      "antilink": false,
      "antilinkgc": false,
      "antidelete": false,
      "antiasing": false,
      "banchat": false,
      "expired": 0,
      "antibadword": true,
      "antispam": true,
      "antitroli": false,
      "antivirtex": false,
      "antiwame": false,
      "antihidetag": false,
      "viewonce": true,
      "nsfw": false,
      "clear": false,
      "clearTime": 0,
      "stiker": false,
      "antiLink": true,
      "antiBadword": true
    },
    "120363133493431010@g.us": {
      "name": "Tesss",
      "add": 0,
      "welcome": true,
      "detect": true,
      "sWelcome": "",
      "sBye": "",
      "sPromote": "",
      "sDemote": "",
      "desc": true,
      "descUpdate": true,
      "autostiker": false,
      "antilink": false,
      "antilinkgc": false,
      "antidelete": false,
      "antiasing": false,
      "banchat": false,
      "expired": 0,
      "antibadword": true,
      "antispam": true,
      "antitroli": false,
      "antivirtex": false,
      "antiwame": false,
      "antihidetag": false,
      "viewonce": true,
      "nsfw": false,
      "clear": false,
      "clearTime": 0,
      "stiker": false,
      "antiLink": true,
      "antiBadword": true
    },
    "120363157969588810@g.us": {
      "name": "Just Play Bot 【#OnLine】",
      "add": 0,
      "welcome": true,
      "detect": true,
      "sWelcome": "",
      "sBye": "",
      "sPromote": "",
      "sDemote": "",
      "desc": true,
      "descUpdate": true,
      "autostiker": false,
      "antilink": false,
      "antilinkgc": false,
      "antidelete": false,
      "antiasing": false,
      "banchat": false,
      "expired": 0,
      "antibadword": true,
      "antispam": true,
      "antitroli": false,
      "antivirtex": false,
      "antiwame": false,
      "antihidetag": false,
      "viewonce": true,
      "nsfw": false,
      "clear": false,
      "clearTime": 0,
      "stiker": false,
      "antiLink": true,
      "antiBadword": true
    },
    "120363162763447436@g.us": {
      "name": "𝙋𝙀𝙆𝘼 𝘿𝙊𝙉𝙂",
      "add": 0,
      "welcome": true,
      "detect": true,
      "sWelcome": "",
      "sBye": "",
      "sPromote": "",
      "sDemote": "",
      "desc": true,
      "descUpdate": true,
      "autostiker": false,
      "antilink": false,
      "antilinkgc": false,
      "antidelete": false,
      "antiasing": false,
      "banchat": false,
      "expired": 0,
      "antibadword": true,
      "antispam": true,
      "antitroli": false,
      "antivirtex": false,
      "antiwame": false,
      "antihidetag": false,
      "viewonce": true,
      "nsfw": false,
      "clear": false,
      "clearTime": 0,
      "stiker": false,
      "antiLink": true,
      "antiBadword": true
    },
    "120363191129103322@g.us": {
      "name": "💕WELCOME  2024💕",
      "add": 0,
      "welcome": true,
      "detect": true,
      "sWelcome": "",
      "sBye": "",
      "sPromote": "",
      "sDemote": "",
      "desc": true,
      "descUpdate": true,
      "autostiker": false,
      "antilink": false,
      "antilinkgc": false,
      "antidelete": false,
      "antiasing": false,
      "banchat": false,
      "expired": 0,
      "antibadword": true,
      "antispam": true,
      "antitroli": false,
      "antivirtex": false,
      "antiwame": false,
      "antihidetag": false,
      "viewonce": true,
      "nsfw": false,
      "clear": false,
      "clearTime": 0,
      "stiker": false,
      "antiLink": true,
      "antiBadword": true
    },
    "120363193015898913@g.us": {
      "name": "Update Script ",
      "add": 0,
      "welcome": true,
      "detect": true,
      "sWelcome": "",
      "sBye": "",
      "sPromote": "",
      "sDemote": "",
      "desc": true,
      "descUpdate": true,
      "autostiker": false,
      "antilink": false,
      "antilinkgc": false,
      "antidelete": false,
      "antiasing": false,
      "banchat": false,
      "expired": 0,
      "antibadword": true,
      "antispam": true,
      "antitroli": false,
      "antivirtex": false,
      "antiwame": false,
      "antihidetag": false,
      "viewonce": true,
      "nsfw": false,
      "clear": false,
      "clearTime": 0,
      "stiker": false,
      "antiLink": true,
      "antiBadword": true
    },
    "120363182476008274@g.us": {
      "name": "Replit Team",
      "add": 0,
      "welcome": true,
      "detect": true,
      "sWelcome": "",
      "sBye": "",
      "sPromote": "",
      "sDemote": "",
      "desc": true,
      "descUpdate": true,
      "autostiker": false,
      "antilink": false,
      "antilinkgc": false,
      "antidelete": false,
      "antiasing": false,
      "banchat": false,
      "expired": 0,
      "antibadword": true,
      "antispam": true,
      "antitroli": false,
      "antivirtex": false,
      "antiwame": false,
      "antihidetag": false,
      "viewonce": true,
      "nsfw": false,
      "clear": false,
      "clearTime": 0,
      "stiker": false,
      "antiLink": true,
      "antiBadword": true
    },
    "120363043097504225@g.us": {
      "name": "Replit",
      "add": 0,
      "welcome": true,
      "detect": true,
      "sWelcome": "",
      "sBye": "",
      "sPromote": "",
      "sDemote": "",
      "desc": true,
      "descUpdate": true,
      "autostiker": false,
      "antilink": false,
      "antilinkgc": false,
      "antidelete": false,
      "antiasing": false,
      "banchat": false,
      "expired": 0,
      "antibadword": true,
      "antispam": true,
      "antitroli": false,
      "antivirtex": false,
      "antiwame": false,
      "antihidetag": false,
      "viewonce": true,
      "nsfw": false,
      "clear": false,
      "clearTime": 0,
      "stiker": false,
      "antiLink": true,
      "antiBadword": true
    },
    "120363163321632508@g.us": {
      "name": "Bot Questers.",
      "add": 0,
      "welcome": true,
      "detect": true,
      "sWelcome": "",
      "sBye": "",
      "sPromote": "",
      "sDemote": "",
      "desc": true,
      "descUpdate": true,
      "autostiker": false,
      "antilink": false,
      "antilinkgc": false,
      "antidelete": false,
      "antiasing": false,
      "antitoxic": true,
      "banchat": false,
      "expired": 0,
      "antibadword": true,
      "antispam": true,
      "antitroli": false,
      "antivirtex": false,
      "antiwame": false,
      "antihidetag": false,
      "viewonce": true,
      "nsfw": false,
      "clear": false,
      "clearTime": 0,
      "stiker": false,
      "antiLink": true,
      "antiBadword": true
    },
    "918088463488-1428801571@g.us": {
      "name": [],
      "add": 0,
      "welcome": true,
      "detect": true,
      "sWelcome": "",
      "sBye": "",
      "sPromote": "",
      "sDemote": "",
      "desc": true,
      "descUpdate": true,
      "autostiker": false,
      "antilink": false,
      "antilinkgc": false,
      "antidelete": false,
      "antiasing": false,
      "antitoxic": true,
      "banchat": false,
      "expired": 0,
      "antibadword": true,
      "antispam": true,
      "antitroli": false,
      "antivirtex": false,
      "antiwame": false,
      "antihidetag": false,
      "viewonce": true,
      "nsfw": false,
      "clear": false,
      "clearTime": 0,
      "stiker": false,
      "antiLink": true,
      "antiBadword": true
    },
    "120363170591027332@g.us": {
      "name": "YT JOSHUA JS || STORE PANEL",
      "add": 0,
      "welcome": true,
      "detect": true,
      "sWelcome": "",
      "sBye": "",
      "sPromote": "",
      "sDemote": "",
      "desc": true,
      "descUpdate": true,
      "autostiker": false,
      "antilink": false,
      "antilinkgc": false,
      "antidelete": false,
      "antiasing": false,
      "antitoxic": true,
      "banchat": false,
      "expired": 0,
      "antibadword": true,
      "antispam": true,
      "antitroli": false,
      "antivirtex": false,
      "antiwame": false,
      "antihidetag": false,
      "viewonce": true,
      "nsfw": false,
      "clear": false,
      "clearTime": 0,
      "stiker": false,
      "antiLink": true,
      "antiBadword": true
    },
    "120363212768920223@g.us": {
      "name": [],
      "add": 0,
      "welcome": true,
      "detect": true,
      "sWelcome": "",
      "sBye": "",
      "sPromote": "",
      "sDemote": "",
      "desc": true,
      "descUpdate": true,
      "autostiker": false,
      "antilink": false,
      "antilinkgc": true,
      "antidelete": false,
      "antiasing": false,
      "antitoxic": true,
      "banchat": false,
      "expired": 0,
      "antibadword": true,
      "antispam": true,
      "antitroli": false,
      "antivirtex": false,
      "antiwame": false,
      "antihidetag": false,
      "viewonce": true,
      "nsfw": false,
      "clear": false,
      "clearTime": 0,
      "stiker": false,
      "antiLink": true,
      "antiBadword": true,
      "promosi2": true
    },
    "120363168222562913@g.us": {
      "name": "🎋⃝𝐒𝕙αг𝕖 𝐋ïภ𝕜 ßყ 𝐑𝑒𝐫𝑒 [𝟚]",
      "add": 0,
      "welcome": true,
      "detect": true,
      "sWelcome": "",
      "sBye": "",
      "sPromote": "",
      "sDemote": "",
      "desc": true,
      "descUpdate": true,
      "autostiker": false,
      "antilink": false,
      "antilinkgc": true,
      "antidelete": false,
      "antiasing": false,
      "antitoxic": true,
      "banchat": false,
      "expired": 0,
      "antibadword": true,
      "antispam": true,
      "antitroli": false,
      "antivirtex": false,
      "antiwame": false,
      "antihidetag": false,
      "viewonce": true,
      "nsfw": false,
      "clear": false,
      "clearTime": 0,
      "stiker": false,
      "antiLink": true,
      "antiBadword": true
    },
    "120363186496147039@g.us": {
      "name": "Tes Bot",
      "add": 0,
      "welcome": true,
      "detect": true,
      "sWelcome": "",
      "sBye": "",
      "sPromote": "",
      "sDemote": "",
      "desc": true,
      "descUpdate": true,
      "autostiker": false,
      "antilink": false,
      "antilinkgc": true,
      "antidelete": false,
      "antiasing": false,
      "antitoxic": true,
      "banchat": false,
      "expired": 0,
      "antibadword": true,
      "antispam": true,
      "antitroli": false,
      "antivirtex": false,
      "antiwame": false,
      "antihidetag": false,
      "viewonce": true,
      "nsfw": false,
      "clear": false,
      "clearTime": 0,
      "stiker": false,
      "antiLink": true,
      "antiBadword": true
    }
  },
  "settings": {},
  "kickon": {},
  "others": {
    "updateGempa": [],
    "runtime": {
      "runtime": 1704819679111,
      "lastTime": 1704828565803
    }
  },
  "jadibot": {}
}